"row ID","name","popularity_by_user"
"Row0","0modx0",0.009168075057650072
"Row1","1clicksc",0.009912192833285101
"Row2","2342w3e4r",0.009832046352771018
"Row3","2c2c",0.014796884807052749
"Row4","2dxman",0.00920528771543953
"Row5","2gd",0.14591195652621253
"Row6","360newton",0.012883391257401157
"Row7","3xperimentaldj",0.008511016830385066
"Row8","8_bit",0.05407935956558994
"Row9","8bitts",0.009166531809713576
"Row10","a931506066",0.16807178091388691
"Row11","aamenta",0.01182430238373627
"Row12","aaronjohn",0.009792831829900272
"Row13","absolutegen",0.010485290137023174
"Row14","absolutely",0.040976015402850646
"Row15","acboo",0.09536625083844538
"Row16","ace050",0.010437189799100794
"Row17","acidlol",0.07476267693035088
"Row18","aclpro",0.2258499084959993
"Row19","acmlm",0.014558344829100428
"Row20","adroit_sc2",0.021743689128430402
"Row21","ae_01",0.009291121903535269
"Row22","aerokinetiic",0.008510929476728282
"Row23","aftermathrar",0.020099805781665727
"Row24","ainrenzz",0.008518179830241253
"Row25","airjapesfifa",0.018971851709351634
"Row26","airwalked",0.009171569203921382
"Row27","airwalkerhd",0.009175121585963881
"Row28","ajanata",0.009296892583519055
"Row29","ajwithcreation",0.008516054224592872
"Row30","akaloyalty",0.04043543143225523
"Row31","akari_chen3",0.0355038082439653
"Row32","akariss",0.009841788715474989
"Row33","akiken_x",0.014391295519446186
"Row34","akuzm",0.011345646511950472
"Row35","alakazam_1",0.05944037271547481
"Row36","alanedgehead",0.014938615663144429
"Row37","alchlcsmnthrwr",0.014491145609094275
"Row38","aleqsd",0.010486105437819812
"Row39","alexhjelm",0.13918313437136653
"Row40","alftheshadow",0.009168220647078043
"Row41","aliastar",0.016888147329487107
"Row42","allenchon",0.01557823174000966
"Row43","allenshu",0.009827295277473766
"Row44","allmiapodcast",0.051915914383482975
"Row45","allnightgameing",0.010506941714935197
"Row46","alphabro",0.008581540349294352
"Row47","alphamale802",0.009822420461609423
"Row48","alphamalet",0.06397088228147309
"Row49","alwaid",0.009192999967718754
"Row50","amaikokonut",0.009301305363298745
"Row51","ambrason",0.009166386220285604
"Row52","amphoric033",0.01112825530766056
"Row53","ampik",0.012371071738474283
"Row54","amsun",0.008625275413456923
"Row55","amt530",0.009862229471162156
"Row56","and_che",0.01012225945854357
"Row57","andycord",0.010485860365764956
"Row58","anghkor",0.008517335411559019
"Row59","angrytestie",0.6822225655841628
"Row60","antdagamer77",0.034415566780491805
"Row61","ap3xultima",0.009169822130785727
"Row62","apoctv",0.03527134032277636
"Row63","append",0.16969581787517027
"Row64","arcadiaskies",0.009330261680410073
"Row65","arcagelinos",0.00916580386257372
"Row66","arcanineluvsu",0.010443163825593002
"Row67","areigai",0.008605970255307932
"Row68","arenafigueiredo",0.03648323630570538
"Row69","areshero",0.0969706309925875
"Row70","aresj2",0.011782358048644382
"Row71","ariablarg",0.07994151442051364
"Row72","arkanthiel",0.054604163394219696
"Row73","arsenalgaming11",0.013696129248963018
"Row74","artien",0.033521045979751175
"Row75","artteam",0.015338401865060953
"Row76","ascendtv",0.27758863239309034
"Row77","ascpraiise",0.010310761380856062
"Row78","asherozero",0.013659593571566942
"Row79","ashral",0.012425199478714673
"Row80","asphyx1",0.011162864344662024
"Row81","astroorion",0.009209143405308073
"Row82","asyncd",0.011093350231857764
"Row83","ausbox",0.008533000834008729
"Row84","avahur",0.009800407340100166
"Row85","aven_86",0.014541453857019146
"Row86","averagemansw",0.009805194802307725
"Row87","avidita",0.02880163001238659
"Row88","avidyazen",0.1593113062761776
"Row89","avilo",0.025697365964524974
"Row90","avoidingthepuddle",0.21466341005161116
"Row91","awatdijusey",0.009834159829449294
"Row92","axle_leroy",0.009135860956292048
"Row93","axon64",0.0300873499381292
"Row94","axslav",0.07251914126643028
"Row95","ayeayeltd",0.010319758807504686
"Row96","ayojake",0.011133741599122383
"Row97","ayonstarcraft",0.010468722060120042
"Row98","azksupapower",0.008531341114529856
"Row99","badlts",0.013573743356870501
"Row100","bakednowning",0.009181859946506256
"Row101","bakedsquireltv",0.014094084211882952
"Row102","bakvorm",0.01246288673270388
"Row103","balade",0.018698996524120826
"Row104","banditproductions1",0.009857250312725538
"Row105","banjospanker",0.010543222600385638
"Row106","barcleys",0.011856198597432087
"Row107","bashurra",0.009179663976116584
"Row108","basurastv",0.011204356321773305
"Row109","batapi3",0.13202245777760963
"Row110","baurblades43",0.010032214827316031
"Row111","bawrked",0.009169239773073842
"Row112","bboyvenom",0.012535548996092185
"Row113","bbushes",0.012409128325562908
"Row114","bctworld",0.009548354643511043
"Row115","beardedgaming",0.13601451108033688
"Row116","beastskynet",0.009845278001800913
"Row117","beercules_ftw",0.009167230638967837
"Row118","behemoth606",0.010453529792864557
"Row119","bekuraryou1228",0.009882349930107786
"Row120","benderofx",0.12486897846972281
"Row121","best_stream_eu",0.010550630672296682
"Row122","bexiamage",0.00918257576467601
"Row123","bier_",0.00935132604066482
"Row124","bierto",0.03367258958339474
"Row125","big_t0ny",0.025462366828739164
"Row126","bigelownage",0.009823153268694665
"Row127","bigfangs",0.03074525647594802
"Row128","bigfistin",0.010495551761722456
"Row129","biggunslenet",0.009171918618548512
"Row130","bigk6t9",0.010935505545445421
"Row131","bigsnackks",0.011344704530337615
"Row132","bik3lock",0.0580543759303321
"Row133","bill4b0ngx",0.062154167085020695
"Row134","biomonkey",0.011460531629146708
"Row135","bitanga",0.05805465909270906
"Row136","bitternangry",0.01123234155007851
"Row137","bl4ck_d3s1r3",0.008518674834296355
"Row138","blackdeathsc2",0.01441666205774417
"Row139","blackhandcom1337",0.02709069120467995
"Row140","blackrat5521",0.12848237401034188
"Row141","bladadupa",0.010477037646429897
"Row142","blade55555",0.011558903975654206
"Row143","bleach_dier",0.009192767024633999
"Row144","blindfremen",0.009836967275436447
"Row145","blizzard911",0.0137533434850764
"Row146","blmarathon",0.09707411081129601
"Row147","bloodboiler",0.011100285627265321
"Row148","bloodburger",0.010497548766858355
"Row149","blu_phoenix",0.010428862083820836
"Row150","bluetarget",0.010047006234507175
"Row151","bmm2010",0.01509922755278974
"Row152","bobclinton",0.009839022516343535
"Row153","boesthius",0.19430636364633083
"Row154","bonachon261",0.008511191537698632
"Row155","bonzooo",0.009386721260577333
"Row156","boodsy",0.011097601443154524
"Row157","booradl3y",0.011191494495225895
"Row158","boundbyhonor",0.19636185076045656
"Row159","boxerhon",0.03184472786508439
"Row160","br_nd_n",0.009830490975864418
"Row161","bradleydulieu",0.009280965100098999
"Row162","brainpowerd",0.0517308700205305
"Row163","brasso26",0.00983118980511868
"Row164","breek_",0.038207662069105995
"Row165","brian2one0",0.014156121476610958
"Row166","brian_all",0.08083113111997672
"Row167","brian_fight",0.010345178721628472
"Row168","briansw",0.021659731239369744
"Row169","brocast",0.009265823799589986
"Row170","bronco_ned",0.04630369327134264
"Row171","bronies",0.009171510968150193
"Row172","bronystinson",0.012334965991482396
"Row173","brostreams",0.011128517368630908
"Row174","brotatorift",0.010530410730724167
"Row175","brownpantsgaming",0.04327195369238881
"Row176","bteamgaming",0.2987880641150547
"Row177","bttls",0.008522984281364304
"Row178","buiz",0.012469708596818188
"Row179","bullerwins",0.0322140332376589
"Row180","bunkmoreland",0.008523653992732973
"Row181","bushin36330526",0.016141819103651048
"Row182","buuhan_1",0.033126500134951636
"Row183","bwong84",0.011118071316727285
"Row184","bxrad",0.01039093504886715
"Row185","c0dyandrew",0.0204666892573105
"Row186","cach0u",0.009804932741337377
"Row187","camaro4ever",0.008513695675859738
"Row188","campbells",0.014403282799565235
"Row189","cantstopard",0.08870871184293726
"Row190","carcinogensda",0.026679411138123398
"Row191","carefreecito",0.009863522787098407
"Row192","casp1887",0.009814575621414464
"Row193","catcard",0.01104156549244054
"Row194","catreina",0.541101620494949
"Row195","catry94",0.009180362805370847
"Row196","caustic_gamer",0.009821144134588662
"Row197","caym_from_germany",0.013106446390023258
"Row198","ccc73200",0.013733562720867128
"Row199","ccrtmikor",0.04982273642909605
"Row200","cdgsures",0.01185224583401598
"Row201","cdxsc2",0.041413585018300995
"Row202","ceciltv",0.015671745176000933
"Row203","cfgoscuba",0.014852293781805035
"Row204","chaide",0.010525140393431607
"Row205","changifeng",0.009185050784951522
"Row206","chaotic_icon",0.010805778574789038
"Row207","cheami",0.009163108028183556
"Row208","checksix",0.025275467936923705
"Row209","cheeseheadlogic",0.03541190130984134
"Row210","chessnetwork",0.04959443512142822
"Row211","chewiie88",0.008514365387228405
"Row212","chiiierr",0.009178482271777323
"Row213","chikuochen",0.017983313694548267
"Row214","chitown1977_123",0.012769935846155836
"Row215","chockness",0.008558158687162165
"Row216","choxie808",0.008515733927851335
"Row217","chris12o",0.008517218940016643
"Row218","christiangaming",0.009157400922607082
"Row219","chustream",1.255979512594503
"Row220","cilantrogamer",0.29937367641098733
"Row221","circatm2001",0.014014817237767424
"Row222","cloudo92",0.009245965401614703
"Row223","cmjkxa",0.01144120789350615
"Row224","cobys2fast",0.013214829419369254
"Row225","code_storm",0.05625187322759654
"Row226","cody5887",0.008511861249067299
"Row227","coffee0880",0.00916889035844671
"Row228","colddestiny",0.030037840185683742
"Row229","coldguy",0.011807020897742717
"Row230","collol",0.013547760388095034
"Row231","combatex",0.4011135601566207
"Row232","competitive_online",0.23490494217289437
"Row233","complexity",0.11562547192914246
"Row234","computerfr33k",0.009175616590018983
"Row235","coolbitshd",0.029184389016229068
"Row236","cooocx",0.010426823831829237
"Row237","corinthos",0.00928673044144666
"Row238","corkin",0.009805007966024059
"Row239","cornshaq",0.017706238772555193
"Row240","cous",0.05438659271623012
"Row241","cozmo300",0.012562068941347086
"Row242","craicer",0.27664913581594325
"Row243","crazyredreploid",0.017861824924031086
"Row244","creamyturtle",0.009802736770947706
"Row245","creederitis",0.01260838235849691
"Row246","crimsongeneses",0.011090433583352951
"Row247","criticalchocolate",0.04784354456132609
"Row248","cronos_100",0.03610967716518422
"Row249","crossplatformactionsquad",0.010477108011171188
"Row250","crream",0.5754180265124189
"Row251","cryptedz",0.009138073915597213
"Row252","custompro12",0.016825906528942034
"Row253","cutebear213",0.029386342422919976
"Row254","cyanideepic",0.020102807374747993
"Row255","d3cryp7ion",0.009216859644990551
"Row256","d3sanc",0.04541477846802484
"Row257","d4rkwolf11",0.011477495227478056
"Row258","dabbbbbbb",0.008633574010851285
"Row259","daface",0.017110397459918884
"Row260","daggerer",0.008534252903089281
"Row261","daimertv",0.00952733153011199
"Row262","daisukisc2",0.013420363863748862
"Row263","dakkon17",0.017332778641729198
"Row264","dalkai_59",0.07221707464588138
"Row265","danceericdance",0.012690355654966201
"Row266","dancingzerg",0.00988219948073443
"Row267","dansgaming",1.0054272767220824
"Row268","dansickle",0.009821115016703068
"Row269","daritos",0.009170084191756075
"Row270","darklightjg1",0.008514278033571623
"Row271","darktangent",0.012024516965082369
"Row272","darkwraithh",0.013676981809212101
"Row273","darth_random",0.010526363344626566
"Row274","dasomumaso",0.008523828700046539
"Row275","datlive",0.008521703094398158
"Row276","dcj0nes24",0.008520363671660822
"Row277","deadapocalypse",0.01178077114477286
"Row278","deaddoggaming",0.00930718332610393
"Row279","deadlycodgamer",0.009175878650989332
"Row280","deadm4n",0.045185473197947135
"Row281","deatheat",0.009168599179590767
"Row282","deathstrikertv",0.009824114158919275
"Row283","deepfrieze",0.010542652371643856
"Row284","def_ender",0.027388333084437028
"Row285","def_other",0.01915798676225901
"Row286","defekter",0.01050066438061694
"Row287","delmmar",0.009182604882561604
"Row288","deltrude",0.013589995996977482
"Row289","desrowfighting",0.2638667621050116
"Row290","destinymax",0.01675029901964079
"Row291","detrynyum",0.009532572749518957
"Row292","devolore",0.14428678123035055
"Row293","dhmeta",0.021050985791039374
"Row294","diablo22000",0.019610399050906654
"Row295","diablounderground",0.054799328556639514
"Row296","diaxis",0.008517568354643774
"Row297","diggitysc",0.12452398658401957
"Row298","dimsumyumyum",0.008530642285275595
"Row299","dinkers",0.011813790827036744
"Row300","disastercomposer",0.009880527632285451
"Row301","diumlol",0.009168540943819579
"Row302","dj_gl",0.07021281958942621
"Row303","djp4cm4n",0.009805844105821042
"Row304","dogdog1024",0.009397465760361613
"Row305","dominoeffecttrey",0.009182663118332794
"Row306","doodahumptyhump",0.009166298866628822
"Row307","dota2pro",0.011789729733645116
"Row308","dotacommentaries",0.06524558227252471
"Row309","doughboy7077",0.011135971547343037
"Row310","dr_tart",0.009870552326496727
"Row311","draaxx",0.023888134627506052
"Row312","dragon200220",0.009146319137165775
"Row313","drai01",0.03253384994433503
"Row314","dram55",0.012658038220896443
"Row315","drddaggius",0.02306249440360329
"Row316","dreamrush",0.012378868062788827
"Row317","dreded603",0.01046830468983095
"Row318","drkessence",0.02911027815868017
"Row319","drunkasiannick",0.00982749183364821
"Row320","dusk0naka",0.010564071006471125
"Row321","dustxdevil",0.03453274657779573
"Row322","dutchydc",0.025089923051897594
"Row323","dvdefran23",0.009257758145280378
"Row324","dxtvalex",0.009638282803196205
"Row325","earthlegacy",0.012559699852219927
"Row326","ebonicmaser",0.010211713453173975
"Row327","ecco2011",0.016058518702771803
"Row328","eclecticgaming",0.017662472181427705
"Row329","eddieruckus",0.024326461501457713
"Row330","eethanator",0.008517772179842934
"Row331","eghuk",3.0944463915877423
"Row332","egostream",0.008529186390995881
"Row333","ekaj1",0.008546598886581245
"Row334","ekcsso",0.009224592873588521
"Row335","eldorian79",0.06202169520182953
"Row336","elldur",0.009618498667592816
"Row337","elminster45",0.04372825315608319
"Row338","elnonombrehombre",0.026338814849072745
"Row339","elpokemono",0.013058895394296565
"Row340","elvis66666",0.01178112055939999
"Row341","emeraldsniper",0.00851815071235566
"Row342","emilyanncoons",0.021590603548605203
"Row343","emounicorn",0.1547631316029305
"Row344","emperor888",0.00983474218716118
"Row345","enezero",0.008778930495737807
"Row346","ennyyyable",0.011133688223296582
"Row347","ep1cd1m3",0.016370540715496196
"Row348","epicgaming4u",0.014962987038245713
"Row349","epicgaming87",0.011188332774666224
"Row350","epiphanyinc",0.009910623397019808
"Row351","eric1826",0.021675725237446243
"Row352","eriktheredtv",0.010476637265056293
"Row353","ernestle",0.2153566552772848
"Row354","escapingjail",0.025807060029579727
"Row355","esfiworld",0.07014202871846353
"Row356","esfkamiab",0.008514569212427565
"Row357","esvision",0.3890766783299469
"Row358","eternahl",0.01346361306503156
"Row359","etilesc2",0.009204239471558136
"Row360","evaxephon",0.0984960214337393
"Row361","everyday_gaming_nation",0.024669780050130357
"Row362","evilbart24",0.010300294921097087
"Row363","evilbloke",0.010466072332530964
"Row364","evildark0507",0.19964138654805735
"Row365","evlgaming",0.027493315906616828
"Row366","evochu",0.009811838540168604
"Row367","ewonian",0.009173753045340951
"Row368","exalia",0.01046610145041656
"Row369","existence_88",0.009169938602328103
"Row370","exitwoundsz",0.009859749590941257
"Row371","exnotime",0.009172821273001935
"Row372","explosivebunny",0.01177076672109854
"Row373","extremebeyond",0.2874267698119093
"Row374","extvesports",0.04355943398191048
"Row375","failverde",0.008522576630965985
"Row376","fatalmistake187",0.009176664833900377
"Row377","fatalshott",0.0989717914782471
"Row378","fattahzzz",0.008512094192152053
"Row379","feardarkness",0.012439168794775201
"Row380","fecalslash",0.009181178106167486
"Row381","fedexforehands",0.010486338380904566
"Row382","fenn3r",0.023416346757730046
"Row383","feos1",0.008536960866449547
"Row384","feralkitsune",0.04177601051802642
"Row385","feu555",0.008514365387228405
"Row386","feyerman",0.008536669687593606
"Row387","ffviplayer",0.018787089436510303
"Row388","fiendestiny",0.00845784026047851
"Row389","fiftharkmedia",0.009212707916320676
"Row390","fiftyseven_",0.07153468418443351
"Row391","fiinesse",0.015218695786516911
"Row392","filthdog",0.010089452311509086
"Row393","filthyferrit",0.009826822122279541
"Row394","final_bout",0.01191372095953017
"Row395","finalfantasyradio",0.02593717327557962
"Row396","finestko",0.21879083063883153
"Row397","fiox1",0.013547709368712623
"Row398","fireelements",0.03809130446300613
"Row399","firespider89",0.012672830106778325
"Row400","firmbelief",0.04228902060788126
"Row401","first_officer",0.009168395354391607
"Row402","fizzystardust",0.013871593627554
"Row403","flaberz",0.02551161797605619
"Row404","flaiker",0.010576977498814097
"Row405","flanp0p",0.013057736017508918
"Row406","flarix17",0.009824808128228151
"Row407","flawless2695",0.008511540952325763
"Row408","flonomenalz",0.008518471009097195
"Row409","flor1da",0.013087200477505986
"Row410","flyinspageti",0.008682928826933549
"Row411","fna_gaming",0.05138907188148598
"Row412","folkmoxie",0.008513491850660578
"Row413","foreversakura",0.30467099481755555
"Row414","fourbeatgamers",0.034150327095783674
"Row415","foxxmcloud",0.009883223466675615
"Row416","foxy_eh",0.0098618086819332
"Row417","freeloo",0.00917593688676052
"Row418","freepoints",0.05887539107952992
"Row419","freshnsoclean",0.017203366629178228
"Row420","frick_shunn",0.008448236218177793
"Row421","fritochip",0.010467964995094592
"Row422","frosty_freeze",0.022369241329724992
"Row423","frozencup",0.013654891532627575
"Row424","funnyeasygo",0.019683884504618592
"Row425","furionklv01",0.020669234762988722
"Row426","furryheart",0.021935703868722928
"Row427","future_sc",0.0233827611861923
"Row428","fuzzygaminge",0.009156180380491452
"Row429","fuzzyotterballs",0.12299928356801408
"Row430","gaelthar",0.010499861208790406
"Row431","gaffeire",0.013774034172763813
"Row432","gallixykiller",0.009169385362501814
"Row433","gamavichannel",0.11077338550419413
"Row434","gamebreakertv",0.22429640296152945
"Row435","gamecoretv",0.011157358613418652
"Row436","gamentech",0.008523188106563464
"Row437","gamercide",0.03011394000057867
"Row438","gamerfolder",0.009699582300868773
"Row439","gamesomnia",0.00909737438056116
"Row440","gamestop692",0.00867582406284855
"Row441","gaming_it_up",0.009173549220141792
"Row442","gamingdose",0.012506314638955553
"Row443","gamingwithgizmoh",0.008611881186083565
"Row444","garytaos",0.03504581194842134
"Row445","gattsocean",0.012311968731668855
"Row446","gearsofhope",0.011744905178745454
"Row447","general_terro",0.00992343526668128
"Row448","gflee",0.03545587340900986
"Row449","gghawking",0.009181190235137589
"Row450","ggrk",0.011058940160110069
"Row451","ggslive",0.08862198966598409
"Row452","ghunttt",0.009176868659099537
"Row453","giannithebest1",0.009218914885897642
"Row454","gildavinho10",0.01012920068690363
"Row455","gizarmaluke",0.00919393174005777
"Row456","glassdemon",0.009213877491689835
"Row457","glhf",0.14637434761071022
"Row458","glubschtv",0.00917142361449341
"Row459","gman140",0.009141235636156883
"Row460","gnarlydood",0.009826904615990938
"Row461","gnlive",0.09013602779784541
"Row462","goindians45",0.00982064913053356
"Row463","gomui3",0.012164188151466564
"Row464","goodeveninggentlemen",0.011763244586724446
"Row465","goodgrimes",0.008530467577962029
"Row466","goofy",0.0251045529537772
"Row467","goonu",0.03761617447997494
"Row468","gore_borison",0.010859413720053656
"Row469","gorgycl",0.008534049077890122
"Row470","gothamanswer",0.011172444129022536
"Row471","greg__punzo",0.011368827278440295
"Row472","greydust",0.0316527240380928
"Row473","griddlez",0.017851398311909017
"Row474","grillsmash",0.015179837989084745
"Row475","grougaloragran",0.03651696546340137
"Row476","grubxer0",0.00964720986510354
"Row477","gto125",0.012805559149207713
"Row478","guilgta",0.013042869916800894
"Row479","gundressdrei",0.040942051152870064
"Row480","guns7143",0.015080992445596292
"Row481","guren_",0.021326219164785838
"Row482","gushkin",0.010476659113917172
"Row483","h0lt_45",0.009167376228395809
"Row484","h2whoa",0.009166822988569518
"Row485","h4nn1",0.4835739309861038
"Row486","hackprotech",0.3966632446617002
"Row487","hannskii",0.008622771275295817
"Row488","harpwn13",0.01197006892810044
"Row489","haru343",0.009175412764819823
"Row490","hatarakuruma",0.008553994829522186
"Row491","hawktanner",0.009935630800799887
"Row492","hawky111",0.021777166459765275
"Row493","heeromaki",0.012714792830004498
"Row494","hei89",0.009135273738634776
"Row495","hemzino",0.008526420191864427
"Row496","herberfloopn",0.009177043366413102
"Row497","heroftime",0.009167696525137346
"Row498","hhsel",0.009515824626666135
"Row499","hikarigaiden",0.008806505133395566
"Row500","hiroshima666",0.008521673976512564
"Row501","hitstun",0.013709409845018315
"Row502","hkgoldenmra",0.07801091428290732
"Row503","hkoo49",0.014616688792946064
"Row504","hl3dm",0.014915442149227976
"Row505","hollyw00dlol",0.008519548370864183
"Row506","holyftw",0.015090645045564151
"Row507","holytaedh526",0.009302308510239587
"Row508","honzo_gonzo",0.1705150204789915
"Row509","hoodride",0.009137877359422768
"Row510","hostile_gaming",0.013289472708838504
"Row511","house_md_pl",0.01858172382963834
"Row512","houstongirlgotu",0.010554095700682399
"Row513","hpaw",0.014092418811955443
"Row514","htr_ativan",0.015195109289325031
"Row515","hungrysc2",0.00917456834613759
"Row516","huntedsc2",0.010714646861903735
"Row517","hydr0id",0.011118978831126097
"Row518","hydrogaming",0.009840833163886504
"Row519","hyp0tonic",0.011155917298975101
"Row520","hyperkind",0.011806290541523533
"Row521","i_theory_l",0.011366162971015056
"Row522","iamhoward",0.009189069053163528
"Row523","iamsynatra",0.010472303560048135
"Row524","ibezo",0.051311136772623965
"Row525","ibrasc2",0.009207267731659939
"Row526","iccreativity",0.021610292867285132
"Row527","iceypop",0.008515588338423363
"Row528","ichibaby",0.009848243166186139
"Row529","ichobicho",0.016151587744016295
"Row530","ickum",0.060664763724661855
"Row531","iconiy",0.009360253102572155
"Row532","icynewyear",0.011130613856393695
"Row533","idrops",0.011793828086489192
"Row534","iffy_gaming",0.01371790942738752
"Row535","iflacid",0.06340567946400053
"Row536","ifobos",0.009988513740984441
"Row537","igamingpublic",0.012120212875194524
"Row538","iivanko",0.009874691926196498
"Row539","ikallol",0.042677236616393395
"Row540","ikkitrix",0.010461804132318715
"Row541","ilduce187",0.01047699153962881
"Row542","ilikesnow80",0.008561594597662286
"Row543","ilovemmy",0.00983290776036874
"Row544","imagineqt",0.009213761020147457
"Row545","imaxterl",0.009826676532851571
"Row546","imbalancedtv",0.37531391362899286
"Row547","imijish",0.010503663522833148
"Row548","imikethedike",0.015039766379540213
"Row549","imphion",0.009244800686190933
"Row550","impishmatt",0.01312505372877852
"Row551","imsopweddy",0.009866800979200454
"Row552","imthenewfishy",0.015683311498810155
"Row553","incontroltv",1.3108251100254305
"Row554","indieradio",0.014250122721339454
"Row555","inemey",0.009784149840047796
"Row556","infgaming",0.05594664535630932
"Row557","inunonanahou",0.02414418836068101
"Row558","ipaniic",0.013111031036892193
"Row559","ipewpew",0.009168773886904333
"Row560","iproperrr",0.043711245943603545
"Row561","ipwcoopa",0.028641080429049004
"Row562","ipwntbarney",0.00982235009686813
"Row563","ircisco",0.009503653350487737
"Row564","irmani",0.04839135643195111
"Row565","isjustwrong",0.008514831273397914
"Row566","istigi",0.009187176390599903
"Row567","itmejp",0.25822234652979387
"Row568","itscrutches",0.010417951586753231
"Row569","jaakkobob",0.009168727780103247
"Row570","jack7517",0.008513142436033447
"Row571","jaekeun",0.010476234474603361
"Row572","jaieazy",0.23196836134683482
"Row573","jamescjb",0.010476688231802766
"Row574","jayekaiser",0.09477330185418487
"Row575","jazzn",0.01683462441632175
"Row576","jcbioware",0.07923363058332179
"Row577","jedge",0.008512880375063097
"Row578","jefffey",0.040103084684242694
"Row579","jeffw356",0.009877953129383055
"Row580","jennywoww",0.00928658485201869
"Row581","jepretv",0.05217002500874827
"Row582","jeremydwayne",0.023076130494676703
"Row583","jerleminara",0.05213409471581773
"Row584","jewisaiah",0.009220312544406166
"Row585","jjag72",0.02787374594185116
"Row586","jkww512",0.022446597242401646
"Row587","jmorrrow",0.009838381922860462
"Row588","joe781130",0.009946991636127034
"Row589","joeker702",0.009822337967898026
"Row590","johnkao3",0.012551127064885113
"Row591","johnmorc",0.009167958586107694
"Row592","johnnyjs",0.03463910983842455
"Row593","johnnylchase",0.009841643126047017
"Row594","jon1221",0.009833198939224684
"Row595","jonnydx",0.023544429556817525
"Row596","jonvincible",0.009761146710428334
"Row597","jpm_",0.009289666009255555
"Row598","jtbudman",0.009246518641440995
"Row599","juan666_o0o",0.010283390568397463
"Row600","judap",0.009955727001805309
"Row601","jumpndive",0.010626096442254809
"Row602","junjunjunjunjunp",0.016081998448312082
"Row603","jusj4y",0.010474446154612009
"Row604","justinhit",0.009959699163216231
"Row605","jutin",0.010028254794875213
"Row606","kabocha13",0.008533088187665511
"Row607","kadeybaybe",0.012178974209329256
"Row608","kahikina9",0.009824521809317595
"Row609","kahra",0.008551199512505138
"Row610","kaidan77777",0.01560515808401464
"Row611","kaigeta_",0.009199172959464735
"Row612","kamari0",0.009248115265203291
"Row613","kamaria",0.010456366356737305
"Row614","kanacomet",0.027590064341840217
"Row615","kapacuk",0.009318585408286777
"Row616","karaface",0.04034531290801569
"Row617","karaliuslol",0.018974605779512984
"Row618","kassquatch",0.00881375062696315
"Row619","katatsuky",0.013748143512525133
"Row620","kathamausl",0.02406848016469902
"Row621","katustarcraft",0.06920895427164876
"Row622","kbchen",0.09652206465746628
"Row623","keits",0.011206652784650398
"Row624","kellymilkies",0.11452540915204165
"Row625","kenutty",0.03656623815775617
"Row626","kevin51202",0.024052114471989523
"Row627","kevinlater",0.04810026709114931
"Row628","kevinvkimo",0.00927659741725986
"Row629","kevinwsstot",0.011509029897576633
"Row630","killafoo",0.010470265308056538
"Row631","killerclaymore",0.031212006172799702
"Row632","killerhawk91",0.011155189351835246
"Row633","kingftw",0.009166852106455113
"Row634","kinkoman24",0.08922449651960941
"Row635","kjg0215",0.05646409290603675
"Row636","kladbe",0.008511628305982545
"Row637","kmu001",0.00851063829787234
"Row638","knucinos",0.009865578028005495
"Row639","kodomo1986",0.01438384519081891
"Row640","kolvacs",0.009845049918661546
"Row641","koma_syllvia",0.01049511985338393
"Row642","komatu0731",0.022408567937950156
"Row643","koopahtroopah",0.058111832455392934
"Row644","kotvshow",0.009167434464166997
"Row645","kraetor",0.008514278033571623
"Row646","kraug",0.008517946887156498
"Row647","krazykatlady",0.009270045893001153
"Row648","kreatohr",0.009175645707904578
"Row649","krystalzerg",0.009170957728323903
"Row650","ktgameone",0.012037405937340056
"Row651","ktsalz",0.019719857222297604
"Row652","kucingoyen",0.008511104184041848
"Row653","kueef",0.00925890972187351
"Row654","kuratchi",0.011135855075800661
"Row655","kuronekovamp",0.008525517537411004
"Row656","kuroxanos",0.00916702195382329
"Row657","kutnatsen",0.009212462844265818
"Row658","kyo100",0.011964708828071768
"Row659","kyurinas",0.009211198646215163
"Row660","l3ird",0.009312616241739954
"Row661","la_colere_de_l_azure",0.01009565057105581
"Row662","lagtvmaximusblack",0.26942197853181205
"Row663","lalond",0.019259182144450358
"Row664","laneshiftisback",0.01404168476728567
"Row665","lavasava1",0.009194514097769654
"Row666","lawner",0.009159060642085954
"Row667","le_temps",0.012459470220198578
"Row668","leafy_knight",0.01725126194268363
"Row669","lee_sda",0.009174510110366402
"Row670","leechz",0.011790862922103964
"Row671","leester100",0.1058556795810903
"Row672","lefty643",0.05848289069826375
"Row673","leftyben",0.02804034876333071
"Row674","legittrix",0.00917517982173507
"Row675","lennevalkyrie",0.009545996094777909
"Row676","leonkazarto",0.06369672968746186
"Row677","lerss",0.031173568697423784
"Row678","leta_jp",0.022005254610225202
"Row679","letsshowthis",0.009181061634625108
"Row680","leverageteep",0.061423472101843325
"Row681","libertinex",0.011722159250150953
"Row682","lichdog",0.009179314561489453
"Row683","light711",0.008701680745256249
"Row684","lightningattack",0.008512035956380865
"Row685","lightningbolt101",0.008557838390420628
"Row686","lilboicc",0.05263338515340933
"Row687","lincolnluxor",0.05537814250295306
"Row688","linex7788",0.01201027393777213
"Row689","linkfan1896",0.013435828921726003
"Row690","liquidtage",0.01181019474727249
"Row691","liquidtlo",0.7175177809496611
"Row692","livebythegun",0.009202725341507234
"Row693","livelyraccoon",0.009873277278772482
"Row694","livevvvcommunity",0.019893891699978242
"Row695","livevvvgaming",0.09751007912670853
"Row696","lizardman19",0.20499557033084156
"Row697","lknives",0.009235162666059235
"Row698","lmf_7",0.009180275451714064
"Row699","lockologist",0.010476455288718012
"Row700","lojiqaen",0.015259990628738201
"Row701","lokiiiiiiiiiiii",0.017367016178339627
"Row702","loldunk",0.011059424476200595
"Row703","lolsooner",0.21678235928652229
"Row704","lonelyclock",0.009823789002232353
"Row705","lordbrandy",0.010479845092417048
"Row706","lordkat",1.2701951620693324
"Row707","loremantes",0.009877103850755433
"Row708","louisvuittonshini",0.009168744769018739
"Row709","ltfan",0.009169851248671321
"Row710","lucario_player",0.009825839383194052
"Row711","luciferbelmont",0.010670188710546693
"Row712","luciusaxelrod",0.009165553930573474
"Row713","lukerocks",0.01244176028659309
"Row714","lunatrix",0.009217837524130653
"Row715","lus7y",0.012205482173184606
"Row716","luzarius",0.014170939061438568
"Row717","lycosagaming",0.010374632883019222
"Row718","lyionhunt",0.008516607464419164
"Row719","lyk3",0.010428267597138849
"Row720","lyrlian",0.008548724492229626
"Row721","m3ximus40",0.010711477872319347
"Row722","mabilistv",0.00920659802029127
"Row723","mac027",0.011439947693110897
"Row724","machinations",0.010452003533843554
"Row725","maddoggfx",0.01315085458449436
"Row726","madsushi",0.010615878515277283
"Row727","maduo",0.0246139867623919
"Row728","mageofdead",0.009878758710288918
"Row729","maggrig",0.01417002283700952
"Row730","mahmunkay",0.009160848962077308
"Row731","mai0926",0.010048205406452664
"Row732","maicn_gk",0.09095673216265714
"Row733","maitsa",0.00983372306116538
"Row734","majority",0.0100599826129007
"Row735","makfeja",0.009182342821591256
"Row736","mannermule",0.01700535769632585
"Row737","mapthesoju",0.009166677399141548
"Row738","mark_g3_24h",0.009799766746617092
"Row739","markgame86",0.045770936304951326
"Row740","markyshizzle",0.042901060469156344
"Row741","martinpetersen",0.009204355943100513
"Row742","masatomk9",0.03311926853672085
"Row743","masterguide",0.009822874218808827
"Row744","masx_latr1ne",0.012104342670164182
"Row745","matheusdebull",0.011238876564112463
"Row746","matsujun",0.331052394211947
"Row747","matticusnicholas",0.00915080329154729
"Row748","mattyb21",0.009184089894726912
"Row749","matux333",0.011455804811789665
"Row750","mavericksc2",0.011105684086379625
"Row751","maxcop",0.009169239773073842
"Row752","maxsc",0.018432252581707796
"Row753","maybe520",0.02160362728056338
"Row754","mcca21",0.010022311337966449
"Row755","mcginney123",0.02681146724443758
"Row756","mclovinhd",0.02240310257970583
"Row757","mcstrongside",0.1404803680528843
"Row758","mdaaaaohhh",0.0203903596338219
"Row759","meatwad21",0.010419398771002703
"Row760","mehungrytv",0.00986013298339937
"Row761","meiyaho",0.011177639241628417
"Row762","menjui",0.01191366517462504
"Row763","meoang",0.011158337933564279
"Row764","messatsu290",0.01165831729701838
"Row765","meszox",0.016988993444621875
"Row766","metobee",0.011255036990617275
"Row767","mexbattles",0.009907781973201675
"Row768","mhosc2",0.009178033374523307
"Row769","miason",0.0099994280881369
"Row770","micday",0.015425138707610114
"Row771","michael11188",0.009165279740633022
"Row772","michaeleu",0.009833228057110278
"Row773","migfromhell",0.05971640884546886
"Row774","mikehawks92",0.009857104723297568
"Row775","mikgaming",0.018195889807296292
"Row776","milk11",0.009473492559648213
"Row777","milkman71",0.009240112706610258
"Row778","milky1223",0.009183594890671809
"Row779","mimfoe",0.009235628552228743
"Row780","min2012",0.3779351925168247
"Row781","mindfeast123",0.009167143285311055
"Row782","minecentertv",0.012425495517516004
"Row783","mineskitv",2.380060505619811
"Row784","miragehunter",0.009177188955841074
"Row785","missmiaa",0.024596853238052226
"Row786","mister_boston",0.09263470748193967
"Row787","mistermorlahud",0.016955454500362684
"Row788","mistresskeo",0.05071945296332332
"Row789","mit1015",0.02748428450213722
"Row790","mithrantruck",0.016675714544658275
"Row791","mknightdh",0.010306085530245491
"Row792","mlgreflex",0.009874873902534779
"Row793","mobispro",0.01434755073539284
"Row794","moccer",0.008619946840393175
"Row795","mogknight",0.011772775855204545
"Row796","monkiedemon",0.09831263728955308
"Row797","monkirh",0.00855635337825532
"Row798","monokerros",0.01048705419907432
"Row799","monstertoxic",0.009166648281255952
"Row800","montblanc_au_barthilas",0.01176885947869875
"Row801","mookx",0.00851515157013945
"Row802","mooncake999",0.13097965308840193
"Row803","moonlitenite",0.009351692444207443
"Row804","moonmeander",0.2742689808728007
"Row805","mortalkombatkratos",0.01057645144648481
"Row806","moruid",0.21752045381653462
"Row807","mousesports",0.12527349784463362
"Row808","movinggun",0.01047014883651416
"Row809","mrbananamanhd",0.015185081617571039
"Row810","mrbob007",0.03701509749145343
"Row811","mrcantsayno",0.008519752196063343
"Row812","mrdarcdestroy",0.012449500784215774
"Row813","mrgamegast",0.01176459372935256
"Row814","mrrayray",0.10087182754175847
"Row815","mrslyfox",0.031854649758193895
"Row816","mrztv",0.01050815980618477
"Row817","msgtgunny",0.04369795583198254
"Row818","mugemsz",0.08524942431265799
"Row819","mumbochicken",0.027363401584132616
"Row820","murasamesj",0.010456417323483779
"Row821","mushroomcult",0.008516665700190352
"Row822","myf1",0.009823036797152289
"Row823","mynameischowder",0.04786254208775813
"Row824","myrddraal480",0.009290131895425064
"Row825","myrland",0.010572612225054286
"Row826","mystical_gaming",0.01282477695369992
"Row827","mystrdat",0.009829617439296591
"Row828","namastestream",0.013084055745861807
"Row829","namja__",0.18500160276819927
"Row830","nanoha_suki",0.00988010785291703
"Row831","naslseasontwo",0.544674177292217
"Row832","nastylp",0.008512705667749533
"Row833","natalieeeeemc",0.015893489735665615
"Row834","natazcha",0.010458979697416073
"Row835","natengall",0.008627633962190058
"Row836","nathanias",0.010469619854628078
"Row837","nbmsniping",0.017658201140991134
"Row838","negimaa",0.008513695675859738
"Row839","nekonekoxd",0.03090228042295143
"Row840","nekoryudesu",0.00916717240319665
"Row841","nephera",0.009236472970910977
"Row842","nepi_nepi",0.009511270586234065
"Row843","nerdcoretv",0.055655213633925046
"Row844","nevarixi",0.009927058013465072
"Row845","nevb",0.010466800279670821
"Row846","newdeathx",0.010315769657178274
"Row847","newlegacyinc",0.11330443468195502
"Row848","newsouth",0.03675506058842649
"Row849","newtypefiegod",0.00851981043183453
"Row850","newtypesaint",0.008520334553775228
"Row851","ngpraetor",0.010347655672292573
"Row852","niamor59000",0.009211693650270265
"Row853","nicholas810211",0.011644146564838023
"Row854","nickh114",0.009179547504574209
"Row855","nictanic",0.010054174572999485
"Row856","nidefawl",0.013494765931248107
"Row857","nieroth",0.010518933423854643
"Row858","ninjabotik",0.012194030565260815
"Row859","ninjelephant",0.009234900605088886
"Row860","nmunro4",0.01912320114003445
"Row861","noak3",0.009163952446865789
"Row862","noc0002",0.01113742744162275
"Row863","nodokax07",0.01641504497365432
"Row864","nodozz",0.04971366239598802
"Row865","nokz47",0.010512835656795338
"Row866","northernspectre",0.00982379386217774
"Row867","nostalgicdan",0.01047339305078523
"Row868","notbeef",0.014761170300259233
"Row869","novak111",0.009171190671408657
"Row870","noxnz",0.013786149622250353
"Row871","noy1834",0.02568469569212996
"Row872","nsan3predator",0.04339521294707068
"Row873","nsmrp",0.009178906911091134
"Row874","nukaduke02",0.010487898617756555
"Row875","nurupo13",0.11833358530020681
"Row876","nvrhadviews",0.009817150124316863
"Row877","nyto0606",0.011843692444675985
"Row878","nyvideogamefreak",0.011815933421600618
"Row879","oakfan21",0.009909662506795197
"Row880","oddfellow1337",0.008566486402442121
"Row881","odiensc",0.010419340535231515
"Row882","office0204",0.008520800439944735
"Row883","og_xkillerz",0.009230736747448908
"Row884","ogre2",0.08539892550873578
"Row885","ohriginal",0.16953279996548293
"Row886","okless",0.009242849787856118
"Row887","omaclaro",0.010999938124482802
"Row888","omg2272",0.050546913354831136
"Row889","omgggc",0.04941436573626058
"Row890","onlynidalee",0.03901632855350827
"Row891","onyourwifi",0.009832063341686507
"Row892","onyx_",0.02728906274917954
"Row893","ootoro",0.03082475740305747
"Row894","oowiz",0.009175204079675276
"Row895","oozaroo1",0.05204505904397322
"Row896","opera2031",0.009834771305046773
"Row897","optimusprime89",0.011114523794630175
"Row898","oreosc",0.00983980869925458
"Row899","oreosodapop102",0.022171528372502556
"Row900","osatoxlive",0.009850902613665991
"Row901","osmosetv",0.009184800852951275
"Row902","ossango",0.016553515057704436
"Row903","otterphantom",0.009825307992228641
"Row904","overlord_dimpy",0.00982105678093188
"Row905","owenoweno",0.015596725105634352
"Row906","ownstoppable",0.009953455806728958
"Row907","oxidon",0.010321913531038661
"Row908","p_keras",0.15226769858725167
"Row909","painuser",0.1243590689880603
"Row910","pandaelitegaming",0.009853348516055908
"Row911","panicfurchtlos",0.008515064216482668
"Row912","paosz_justice",0.008512909492948693
"Row913","paradoxgery",0.011122111433800172
"Row914","paradoxical555",0.00922698054020725
"Row915","parkervideos54",0.009185662260549001
"Row916","partyzanrnd",0.008537281163191085
"Row917","peaakz",0.01852908636649254
"Row918","peacefuljay",0.9871567831973926
"Row919","pentara",0.010061598623965487
"Row920","penyis",0.009822279732126838
"Row921","persianslurpsit",0.009193145557146724
"Row922","perways44",0.14227585686658478
"Row923","peterpandam",0.03293401928633788
"Row924","pewstream",0.01587572734676238
"Row925","phyxius2k8",0.009184672252438797
"Row926","pinkkittyrose",0.03150778623338169
"Row927","pitchatan",0.009833752179050975
"Row928","pixelbat",0.037951357445577705
"Row929","pixelenemy",0.0555173948673503
"Row930","plague88",0.010564971210058489
"Row931","plastichampster",0.012409318102095702
"Row932","playhemtv",0.03088009300955801
"Row933","pleasurebuggaming",0.008513637440088548
"Row934","plethora_",0.008516840407503917
"Row935","plumtea",0.02085272759911944
"Row936","pockyaoci",0.009166327984514416
"Row937","polantaris",0.014024798802720333
"Row938","pooksie",0.12862655933607892
"Row939","popica99",0.008511715659639329
"Row940","poppyjem101",0.00917107419986628
"Row941","powerrossi",0.009864442430467319
"Row942","prack604",0.009177043366413102
"Row943","pridetv1",0.031689290385048495
"Row944","princeboostreams",0.009291354846620022
"Row945","princeofice",0.008557168679051961
"Row946","princezzxdiana",0.03878768524841047
"Row947","prod7gy",0.02238329269761096
"Row948","prodigious13",0.012026700806501938
"Row949","projectleet",0.12518382090737626
"Row950","prophetgh",0.008521644858626968
"Row951","prorh",0.014420884151155337
"Row952","psilocin",0.00928952575846371
"Row953","psp219",0.022863795562111947
"Row954","psychoticgaming",0.06197730023923641
"Row955","ptxgrimx",0.015419339677764921
"Row956","puchi_",0.15906879754096523
"Row957","punky_boy",0.012768896270517954
"Row958","pwap",0.013106738578739733
"Row959","pyro2882",0.009841759597589395
"Row960","pyschadelicsnake",0.10311915443574263
"Row961","qojtv",0.011111262591443618
"Row962","qsdfghu1",0.01254360536165601
"Row963","qttsix",0.0114750361862575
"Row964","quinnytv",0.009166939460111895
"Row965","quit108",0.010796106576826359
"Row966","r031090",0.427534407237299
"Row967","r121729286",0.018544225431653873
"Row968","r3volt",0.009248702482860563
"Row969","ragers",0.1006577544605974
"Row970","raruofdoom",0.009817196231117948
"Row971","rawa900",0.00983686779280956
"Row972","rawuk",0.011781947989166736
"Row973","raziel2p",0.009977473202398831
"Row974","rbjohnzee",0.009811122721998852
"Row975","rctgaming",0.008518325419669223
"Row976","re_leaf",0.011780613384588055
"Row977","realismfades",0.009822192378470056
"Row978","realistreviewer",0.013807167875704017
"Row979","record307",0.009229164381626818
"Row980","redakteur",0.008580608576955336
"Row981","redbullgaming",0.8540981833255292
"Row982","redspades",0.05202040036472974
"Row983","redxalicious1988",0.010501525788214667
"Row984","reflectedsc",0.011838819069817168
"Row985","renacide",0.014362796378474128
"Row986","reniehour",0.04836990382505188
"Row987","repedee",0.012842279212021399
"Row988","replayvaluetv",0.011136745601283977
"Row989","repostedcontent",0.011162789119975347
"Row990","reservjesuz",0.040793653404494395
"Row991","residentemo",0.031429156107525225
"Row992","residentevildatabase",0.02006435578670862
"Row993","revision",0.017875647062087562
"Row994","rggibson",0.013967199774930042
"Row995","riccio",0.03773985013702165
"Row996","richieknucklez",0.022837879486501973
"Row997","riddickdk",0.01012261373311609
"Row998","ripperxtv",0.012880274681327786
"Row999","ripxripxrip",0.0091755292363622
"Row1000","ririka37982",0.00904397996788348
"Row1001","rock_bottom",0.009955406705063773
"Row1002","rockergazza",0.06036136772942212
"Row1003","rockshell",0.009821289724016634
"Row1004","rodriguezjr",0.01113119621410558
"Row1005","rogueredstorm",0.009290020762518812
"Row1006","rolandes",0.009241859779745914
"Row1007","ron6403",0.009869404599988446
"Row1008","rona1012",0.010511367633545524
"Row1009","rongod22",0.009208357222397028
"Row1010","ronin_llc",0.009167055931654273
"Row1011","rooktower",0.009199405902549489
"Row1012","rpgamer99",0.018222366002399015
"Row1013","rpggamess",0.00918968052876101
"Row1014","rrtaterz",0.06277057214141545
"Row1015","ruiguild",0.008516753053847134
"Row1016","runescapestakes",0.013799631203280493
"Row1017","rursus",0.00937144649961045
"Row1018","ruxx",0.03414601061664268
"Row1019","ryancell",0.019841996022614192
"Row1020","ryuuoubayo",0.009840128995996117
"Row1021","s666damo",0.011209918847782342
"Row1022","s885200s",0.1399318067035661
"Row1023","sagaboyjr",0.009408821735743372
"Row1024","saizen13",0.06768876434790044
"Row1025","sajirou",0.20494592028581754
"Row1026","sakisaka",0.008523100752906682
"Row1027","salamito140",0.010437301410697783
"Row1028","salome53",0.010991259506024443
"Row1029","sambonz",0.010462905752025907
"Row1030","samk920",0.14780712700564896
"Row1031","samman009",0.008513462732774982
"Row1032","sammydjdrift",0.024457269252820945
"Row1033","samuel_vee",0.00851180301329611
"Row1034","sancholbc",0.00917614071195968
"Row1035","sanctuarycrew",0.08844967858163186
"Row1036","sanctuarycrew2",0.01061053829193417
"Row1037","sarimas",0.009157954162433373
"Row1038","sasayakitei",0.024785278573312662
"Row1039","sbstudios",0.00917593688676052
"Row1040","sc2academy",0.011807268420663632
"Row1041","sc2janitor",0.011759510228343666
"Row1042","scarletrouge",0.009256011072144722
"Row1043","scdpyre",0.01113091716421974
"Row1044","schniederzsc2",0.008521819565940534
"Row1045","scoboose",0.009171115446721976
"Row1046","scott205",0.019541805160186852
"Row1047","scott512",0.008525401065868628
"Row1048","sctourney",0.05094913812792406
"Row1049","scullomaniac87",0.010701344848132547
"Row1050","sdn121",0.00930321116469301
"Row1051","sentientah",0.015711179724403185
"Row1052","sephiroth976",0.012922148993490897
"Row1053","sergeantswag",0.010368258564485885
"Row1054","seriouscreeper",0.02024662018055303
"Row1055","sethlan",0.008513346261232606
"Row1056","setsura44",0.015068610075194017
"Row1057","setttv",0.06669369740342677
"Row1058","sew666",0.009278293523649042
"Row1059","sgtyuki",0.01374204574546583
"Row1060","shadasi",0.009174044224196893
"Row1061","shadowloohq",0.6625898674582456
"Row1062","shakeslol",0.029447379428477197
"Row1063","shamsz",0.026981010919980366
"Row1064","sheep_eat_sheep",0.009187030801171931
"Row1065","shellz0001",0.019656607320606596
"Row1066","shhhitzraidz",0.011220017894138162
"Row1067","shibsekki",0.009822192378470056
"Row1068","shigare",0.010112031811675271
"Row1069","shingin",0.015248074675675235
"Row1070","shinky",0.05145231077966923
"Row1071","shinnako",0.015287428576355518
"Row1072","shinstream",0.009824317984118435
"Row1073","shizoku",0.00936900786624525
"Row1074","shizzleyanizzle",0.009058859207422146
"Row1075","short_azn",0.009155753332098313
"Row1076","shox1on1",0.010438592317554703
"Row1077","shublar",0.009177125860124497
"Row1078","sid3way",0.009189301996248284
"Row1079","sidepontoon",0.00997666276154758
"Row1080","sidinator93",0.008511657423868139
"Row1081","siglemic",0.05131948179175337
"Row1082","siistem",0.009214168670545777
"Row1083","silte",0.07632300318417079
"Row1084","silveraces",0.009170317134840828
"Row1085","silverfan",0.01196149128082024
"Row1086","silversc2",0.008513841265287708
"Row1087","simkpa",0.009166095041429663
"Row1088","simplyje2ns",0.049915712051761534
"Row1089","sirorest",0.008528953447911127
"Row1090","sirtreeman",0.009166793870683924
"Row1091","sisterlilia",0.029001384819156806
"Row1092","sjukungen1",0.008523945171588915
"Row1093","skellington187",0.008624489230545878
"Row1094","skitcadizzle",0.010535867904300394
"Row1095","skopey37",0.022929601404839423
"Row1096","sktpyro",0.009170229781184046
"Row1097","skyform",0.012786360742710324
"Row1098","slaaan",0.008917881045793594
"Row1099","slatetv",0.030429843360330607
"Row1100","slayerscella",0.8098861817729808
"Row1101","slayerskillergaming",0.010544591141008568
"Row1102","slayersyugioh",0.3141063660171933
"Row1103","slice_fpsj",0.009395281918942044
"Row1104","slickzor",0.009170986846209497
"Row1105","slimchance",0.010468200347258675
"Row1106","slodem",0.009179576622459803
"Row1107","sloshy",0.02704763293643815
"Row1108","slowmo442",0.01000757281721804
"Row1109","slyfive",0.009832238049000073
"Row1110","sm0kee",0.009868955702734428
"Row1111","smokeninja",0.012846772986268882
"Row1112","smoreman",0.00916615327720085
"Row1113","snaert",0.009208461564969303
"Row1114","snappleman",0.009874546336768526
"Row1115","sneak8288",0.00919728029690111
"Row1116","sneekyftw",0.00981924661207965
"Row1117","so1dier",0.025673004603218835
"Row1118","soavoid",0.009150977998860855
"Row1119","sofokal",0.19872252692456924
"Row1120","solenus0922",0.009186244618260887
"Row1121","solid_alan",0.009182546646790416
"Row1122","solissa",0.009007010893597608
"Row1123","soloartist0425",0.013928167270184307
"Row1124","somnolentj",0.01962795872449607
"Row1125","sonic711",0.03419439156188394
"Row1126","sophisticats",0.011090642268497498
"Row1127","soycraft",0.009174131577853677
"Row1128","sozerozero",0.009822949443495505
"Row1129","spamfish",0.041366514068078675
"Row1130","spikedapenguin",0.03851183356052894
"Row1131","spineshankk",0.009057705132417207
"Row1132","spirit_massacre",0.021639862059212735
"Row1133","spiteandmalice",0.009218914885897642
"Row1134","splashnpoolz",0.009880136970802623
"Row1135","spritevr",0.01063803525403919
"Row1136","spudzzy",0.009159259607339728
"Row1137","squall3210",0.0091790816184047
"Row1138","squirrellywrath",0.010342616347696178
"Row1139","srklive",0.2988249187931562
"Row1140","srpskichili",0.011504212307622944
"Row1141","ssf4dis05",0.02594787720724855
"Row1142","ssf4dis08",0.022676475302351985
"Row1143","standishiii",0.009170608313696772
"Row1144","starcraft2rivera",0.011753519212935966
"Row1145","starcreator",0.00854307562242434
"Row1146","stargazing",0.01668271539731599
"Row1147","starpenguin",0.008512356253122402
"Row1148","stephensimmons",0.011723177366286218
"Row1149","sterlingkolde",0.03641075545007155
"Row1150","steve42k",0.023943469623460886
"Row1151","strafest",0.0230482752767951
"Row1152","streinslov",0.011125052340245191
"Row1153","strikerl",0.01725026341390047
"Row1154","stscompleted",0.009177421898925828
"Row1155","stuffedge",0.010738970458103032
"Row1156","stupidcheese",0.015215116737454877
"Row1157","stylepp",0.008541590610259034
"Row1158","suddoth1",0.14166877360206526
"Row1159","suddoth2",0.04743182945045637
"Row1160","sujieun",0.034755617766788906
"Row1161","sunkist27boy",0.6835535639164649
"Row1162","suno_ej",0.008558129569276571
"Row1163","sunset_sc2",0.013652224816123005
"Row1164","supermarathonbros",0.011209093827094927
"Row1165","supermedicgirl",0.010447839676203574
"Row1166","supersvn",0.010509969975037
"Row1167","surhorse",0.009819875076592618
"Row1168","svengetspumped",0.013756226155750232
"Row1169","sweatdrop",0.02794143343289353
"Row1170","sweetielise",0.0756604773939072
"Row1171","swiftor",0.44980143110352
"Row1172","swordkkk",0.012440525595786286
"Row1173","sy310",0.010286466386998204
"Row1174","sydiesaur",0.014133347871136384
"Row1175","syfftw",0.012062386195409858
"Row1176","tacocat_meow",0.027201621160073082
"Row1177","tag85216739",0.009812158836910142
"Row1178","tails616",0.008520567496859982
"Row1179","taj497",0.01114694899021207
"Row1180","takoya",0.013582045804349716
"Row1181","takuya84",0.010281659474316765
"Row1182","talemar",0.009853872637996605
"Row1183","tamriver",0.023081886116133588
"Row1184","tantallum",0.00917517982173507
"Row1185","tar14444",0.01047616410986207
"Row1186","tarfu",0.033824234553520946
"Row1187","tayven",0.010483234896116087
"Row1188","tbtgang",0.011250265938609661
"Row1189","td202",0.009198823544837604
"Row1190","tdawg09",0.00916772564302294
"Row1191","team_defiance",0.009188370223909267
"Row1192","team_dinoforce",0.01309417178113312
"Row1193","team_mrc",0.00974315329813661
"Row1194","team_ngg",0.014630387338006003
"Row1195","teamdruidz",0.019931342066375174
"Row1196","teamflux",0.008568612008090502
"Row1197","teamglhf",0.10843137322190682
"Row1198","technomancer88",0.013016520639417422
"Row1199","teflonhearts",0.009844089028436935
"Row1200","tejbi",0.009826181528796468
"Row1201","temote",0.008657130380297038
"Row1202","tempremental",0.009822046789042084
"Row1203","tentacles217",0.009838265451318084
"Row1204","terrortant",0.009839255459428289
"Row1205","tesl_kappa",0.16754148587077586
"Row1206","testing_account",0.17028289621098297
"Row1207","tetsuk66",0.010501528628438984
"Row1208","tfgamingtv",0.019046934607329112
"Row1209","thatonevideojirard",0.013689752432017876
"Row1210","thatuniverse",0.01110787519682391
"Row1211","thcmcsane",0.009184817841866769
"Row1212","the_djd",0.011311365561192726
"Row1213","the_saphyron",0.009168511825933985
"Row1214","the_spyder",0.009829221917868374
"Row1215","the_weekend_gamer",0.011778240297805487
"Row1216","thebrassthief",0.00920234680899451
"Row1217","thebreakeno",0.014390730150649792
"Row1218","thebrett",0.25405180355971113
"Row1219","thecnc",0.008550063914966962
"Row1220","thegoddess0fwar",0.011153354925042807
"Row1221","thegodeht",0.009834142840533803
"Row1222","thegreatgq",0.17770036990335678
"Row1223","thegreenbaymonster",0.008535359382741864
"Row1224","thejamesthomas",0.009835266309101877
"Row1225","thejammydodger101",0.00981140177188469
"Row1226","thejayjay396",0.01591235764683995
"Row1227","theleadlunchbox",0.015746373569982597
"Row1228","themaxhillman",0.010479740749844776
"Row1229","thenerfbat",0.009202579752079264
"Row1230","thenipahhut",0.013186334748984323
"Row1231","thepicky62",0.009166444456056792
"Row1232","thermii",0.009169472716158596
"Row1233","thespeedgamers",0.3921770857658524
"Row1234","thesurgeontv",0.0164930510210885
"Row1235","thetombobblendershow",0.03169187875306762
"Row1236","thetones",0.01397530267843994
"Row1237","thetopcut",0.09289038689269928
"Row1238","thisisjimmy",0.038248594489567606
"Row1239","thomsonrult",0.00954168664770996
"Row1240","thorin181",0.017989215673505955
"Row1241","thorn2",0.00917963485823099
"Row1242","thumbg321",0.008517801297728528
"Row1243","thunderstrike18",0.009168599179590767
"Row1244","tim885885",0.013845608823324558
"Row1245","tinnytb",0.00918420636626929
"Row1246","tiqerz",0.009823124150809071
"Row1247","tiyovitank_jp",0.01635595992383819
"Row1248","tj3660",0.010443508380274746
"Row1249","tkingroc",0.009171569203921382
"Row1250","tocard2",0.009826822122279541
"Row1251","tonyajc2",0.011805230168672035
"Row1252","toobadurdead",0.008542813561453992
"Row1253","tooplark",0.01048021149595967
"Row1254","toph4er",0.00852848756174162
"Row1255","tortorellix",0.027540562105966202
"Row1256","torturetrilogy",0.04120459942134473
"Row1257","towelliee",1.4086651469677465
"Row1258","toxicityyhd",0.015269632209621303
"Row1259","toxicoid",0.009342403838702877
"Row1260","toxicsan",0.009169181537302652
"Row1261","trace_chills",0.009172675683573963
"Row1262","traqiczz",0.01047172120233625
"Row1263","traumersc",0.009821551784986981
"Row1264","trbomode",0.011244225397461012
"Row1265","treefittygaming",0.037991562797984886
"Row1266","truktruk",0.011845633664906758
"Row1267","trumpsc",0.498526279796214
"Row1268","ttanga",0.008510900358842688
"Row1269","tteacherr21",0.00920228857322332
"Row1270","ttneko",0.00971332594286926
"Row1271","twoxknivesstyle",0.009158769463230012
"Row1272","twwinning54",0.0569319111372747
"Row1273","uberpwnzorz",0.009166939460111895
"Row1274","ufosun",0.016391896496394595
"Row1275","ugkcloud",0.026335225643215936
"Row1276","ulirocks",0.32838317453735966
"Row1277","ulsteinlan",0.010021329598049166
"Row1278","unbalance",0.009572334642410071
"Row1279","unholyrose",0.010566752692170117
"Row1280","unithd",0.008518674834296355
"Row1281","unoc",0.00861889859651178
"Row1282","unreal54",0.009841148121991916
"Row1283","unusualstar",0.00876710863418654
"Row1284","uproot",0.00919728029690111
"Row1285","usergameplay",0.010446820550207776
"Row1286","usssen",0.011528483485377916
"Row1287","vadershader",0.01440961793850969
"Row1288","valesh",0.010484899475540346
"Row1289","valon22",0.06785710169721146
"Row1290","vberen",0.008523595756961783
"Row1291","vegetalol",0.010521571022473615
"Row1292","veminino",0.008544473280932866
"Row1293","veridiyagooru22",0.049502922615123304
"Row1294","vespher",0.014848265746156504
"Row1295","vgamingnetwork",0.023091928809512427
"Row1296","vi0lenc3",0.009173432748599414
"Row1297","vibelol",0.047207184847603126
"Row1298","victorjamon",0.008530584049504405
"Row1299","vidyatubes",0.01165647222980711
"Row1300","vikkstar123",0.12944720268614898
"Row1301","vincenthoho",0.009218274292414567
"Row1302","vingrhames",0.029547576255006838
"Row1303","vip_gaming",0.012380402453124528
"Row1304","virum",0.009844991682890356
"Row1305","virusesport",0.035427595040365724
"Row1306","vishido",0.008533816134805368
"Row1307","vman15",0.029322856285390247
"Row1308","volva",0.014818386945451945
"Row1309","vvvastonish",0.024524846284861384
"Row1310","vydax",0.009188661402765209
"Row1311","waffylesyay",0.00920502565446918
"Row1312","warferr",0.01112202408014339
"Row1313","wargfn",0.03529618918826434
"Row1314","warstories75",0.00916635710240001
"Row1315","wattclues",0.00986246241424691
"Row1316","wazcool",0.035836483495078564
"Row1317","webslinger67",0.011297578221470482
"Row1318","werede",0.009828396897180961
"Row1319","whitecitadel",0.027546315738549598
"Row1320","whoisshaun",0.00855230599215772
"Row1321","whomptv",0.009176635716014783
"Row1322","willfreedan",0.008540658837920018
"Row1323","windailos",0.010451561905614254
"Row1324","witwix",0.06834492511753662
"Row1325","wolfstar65",0.011091884617687278
"Row1326","wonderrico",0.011108845806939296
"Row1327","wormburn",0.307982469881077
"Row1328","wpgames",0.014752767654559362
"Row1329","wrongones",0.009820241480135241
"Row1330","wtfnut",0.009168308000734825
"Row1331","wtks",0.015157362831490833
"Row1332","wuddy007",0.01605762172876702
"Row1333","wulfie40",0.00980946300251998
"Row1334","wwweynycom",0.04104729934825326
"Row1335","x4ryuusei",0.055740539319339
"Row1336","xaikitsune",0.009176519244472405
"Row1337","xalic",0.009821726492300547
"Row1338","xanadugames",0.022099951412838652
"Row1339","xanj",0.013348014196932387
"Row1340","xdreidx",0.009846360223513286
"Row1341","xdual",0.010838319232052777
"Row1342","xeaker",0.008526956442775225
"Row1343","xenohoy",0.012482001204484353
"Row1344","xeriamafia",0.019261693509849447
"Row1345","xeriko",0.010140608586413339
"Row1346","xerozore",0.009172733919345153
"Row1347","xfury94",0.009169909484442509
"Row1348","xiei",0.011082304833326766
"Row1349","xjetfan",0.009808414758638586
"Row1350","xkillzx",0.009841905187017367
"Row1351","xlaser92",0.011164160069677605
"Row1352","xorth",0.010516470532549234
"Row1353","xpalvandx",0.013716890301391721
"Row1354","xparaphoiax",0.017372176540157026
"Row1355","xprizelol",0.019640731798167905
"Row1356","xsares",0.008512118450092261
"Row1357","xsethmrx",0.009177188955841074
"Row1358","xskizzx",0.01673466714387707
"Row1359","xsmee",0.009149522104581143
"Row1360","xthunderyx",0.00853533026485627
"Row1361","xtox1kz",0.009802270884778199
"Row1362","xtoxicgaming",0.010483164531374793
"Row1363","xtreme_art",0.025292394422058644
"Row1364","xxdustyxx",0.01505371629760592
"Row1365","xxeinxx",0.021137914808508327
"Row1366","xxupyourgamexx",0.0843388392899395
"Row1367","xxvisionxx",0.01455551149481026
"Row1368","xxzaverxx",0.009165308858518618
"Row1369","xyoryx",0.015806374613083762
"Row1370","xzcout",0.009699116414699263
"Row1371","yan760726",0.008537747049360592
"Row1372","yangfushang",0.05937306143139065
"Row1373","yanikeuhhh",0.011112398188981795
"Row1374","yellowmus078",0.01104659561762363
"Row1375","yer_sinia",0.008594031922214288
"Row1376","youden",0.0086000714535024
"Row1377","younamed",0.010702276620471563
"Row1378","youngsaintt",0.03641256098971138
"Row1379","yourcraftyminers",0.009952576931525004
"Row1380","yukichaan",0.009821580902872575
"Row1381","yumiyoyo",0.009166269748743228
"Row1382","yurishinan",0.0094132476543537
"Row1383","yusuke177",0.010065397087923377
"Row1384","yutasa",0.009414399230946831
"Row1385","yvgc",0.03125794783707845
"Row1386","z16bit",0.009860191219170557
"Row1387","z32o",0.011805184061870951
"Row1388","z33ktv",0.051499463609831306
"Row1389","z3ne",0.008510783887300312
"Row1390","z60411",0.9513324595507286
"Row1391","za1212345",0.030947866382344463
"Row1392","zaba8890",0.012481193172712426
"Row1393","zabunai",0.015173765731613886
"Row1394","zeekdageek",0.022878900475710652
"Row1395","zeipher",0.013682271544499481
"Row1396","zeldathon",0.30205553152300213
"Row1397","zelklen",0.011162456694263705
"Row1398","zelow79",0.009763825555903006
"Row1399","zenatsu",0.011285666597183103
"Row1400","zenbaltz",0.01047780684042545
"Row1401","zeppelin535",0.011062155256495542
"Row1402","zergov",0.009224796698787681
"Row1403","zerksy",0.009186128146718509
"Row1404","zeroandy26",0.04062672296537876
"Row1405","zeruph",0.009219625844122005
"Row1406","zevia",0.009051230321396452
"Row1407","zibitee",0.00851282213929191
"Row1408","zingking",0.018537616302769937
"Row1409","zinkor",0.014166591786454784
"Row1410","zlwoo",0.00854723948006432
"Row1411","zodiacsmash",0.012579752355503595
"Row1412","zoldic8",0.011172123832280998
"Row1413","zombiej",0.013083252574035274
"Row1414","zombiereagan",0.009168599179590767
"Row1415","zombieshawn",0.05781465501122866
"Row1416","zone_justin",0.009832470992084827
"Row1417","zunath",0.00915962601088235
"Row1418","zxbumblebxz",0.010484055056858113
"Row1419","zyax",0.009168278882849231
"Row1420","zyoritv",0.03496082460854884
